-- Super Admin user (password: Admin123!)
INSERT INTO users (id, email, password_hash, full_name, role, is_active) VALUES
('00000000-0000-0000-0000-000000000001', 'admin@travelcrm.com', '$2b$10$YRGVgnk6yZ/MW1y1tc2HpuWdtEFcLMUv3mUDTdOYagZPGp0C4VkP.', 'Администратор Системы', 'SUPER_ADMIN', true);

-- Manager users (password: Manager123!)
INSERT INTO users (id, email, password_hash, full_name, role, is_active) VALUES
('00000000-0000-0000-0000-000000000002', 'ivanova@travelcrm.com', '$2b$10$Dgl2axGYmcl2mVisgLnvhOPU.QBN3CfTF9JYWbuB05df7t/t4TRAG', 'Иванова Мария Сергеевна', 'MANAGER', true),
('00000000-0000-0000-0000-000000000003', 'petrov@travelcrm.com', '$2b$10$Dgl2axGYmcl2mVisgLnvhOPU.QBN3CfTF9JYWbuB05df7t/t4TRAG', 'Петров Алексей Николаевич', 'MANAGER', true),
('00000000-0000-0000-0000-000000000004', 'sidorova@travelcrm.com', '$2b$10$Dgl2axGYmcl2mVisgLnvhOPU.QBN3CfTF9JYWbuB05df7t/t4TRAG', 'Сидорова Елена Владимировна', 'MANAGER', true);

-- Sample clients
INSERT INTO clients (id, first_name, last_name, email, phone, status, source, assigned_manager_id, total_bookings, total_revenue) VALUES
('10000000-0000-0000-0000-000000000001', 'Александр', 'Смирнов', 'smirnov@email.com', '+7-999-111-2233', 'VIP', 'instagram', '00000000-0000-0000-0000-000000000002', 3, 15000.00),
('10000000-0000-0000-0000-000000000002', 'Наталья', 'Козлова', 'kozlova@email.com', '+7-999-222-3344', 'ACTIVE', 'website', '00000000-0000-0000-0000-000000000002', 2, 8500.00),
('10000000-0000-0000-0000-000000000003', 'Дмитрий', 'Новиков', 'novikov@email.com', '+7-999-333-4455', 'ACTIVE', 'referral', '00000000-0000-0000-0000-000000000003', 1, 4200.00),
('10000000-0000-0000-0000-000000000004', 'Ольга', 'Попова', 'popova@email.com', '+7-999-444-5566', 'NEW', 'instagram', '00000000-0000-0000-0000-000000000003', 0, 0.00),
('10000000-0000-0000-0000-000000000005', 'Сергей', 'Волков', 'volkov@email.com', '+7-999-555-6677', 'VIP', 'referral', '00000000-0000-0000-0000-000000000004', 5, 28000.00),
('10000000-0000-0000-0000-000000000006', 'Анна', 'Соколова', 'sokolova@email.com', '+7-999-666-7788', 'ACTIVE', 'website', '00000000-0000-0000-0000-000000000004', 2, 9600.00),
('10000000-0000-0000-0000-000000000007', 'Михаил', 'Морозов', 'morozov@email.com', '+7-999-777-8899', 'NEW', 'social', '00000000-0000-0000-0000-000000000002', 0, 0.00),
('10000000-0000-0000-0000-000000000008', 'Татьяна', 'Захарова', 'zaharova@email.com', '+7-999-888-9900', 'ACTIVE', 'referral', '00000000-0000-0000-0000-000000000003', 1, 3800.00),
('10000000-0000-0000-0000-000000000009', 'Иван', 'Лебедев', 'lebedev@email.com', '+7-999-999-0011', 'INACTIVE', 'website', '00000000-0000-0000-0000-000000000004', 1, 2100.00),
('10000000-0000-0000-0000-000000000010', 'Екатерина', 'Семёнова', 'semenova@email.com', '+7-999-000-1122', 'VIP', 'instagram', '00000000-0000-0000-0000-000000000002', 4, 22000.00),
('10000000-0000-0000-0000-000000000011', 'Андрей', 'Павлов', 'pavlov@email.com', '+7-911-111-2233', 'ACTIVE', 'website', '00000000-0000-0000-0000-000000000003', 2, 7400.00),
('10000000-0000-0000-0000-000000000012', 'Юлия', 'Николаева', 'nikolaeva@email.com', '+7-911-222-3344', 'NEW', 'referral', '00000000-0000-0000-0000-000000000004', 0, 0.00),
('10000000-0000-0000-0000-000000000013', 'Роман', 'Маслов', 'maslov@email.com', '+7-911-333-4455', 'ACTIVE', 'instagram', '00000000-0000-0000-0000-000000000002', 1, 5200.00),
('10000000-0000-0000-0000-000000000014', 'Виктория', 'Егорова', 'egorova@email.com', '+7-911-444-5566', 'VIP', 'referral', '00000000-0000-0000-0000-000000000003', 6, 35000.00),
('10000000-0000-0000-0000-000000000015', 'Константин', 'Тихонов', 'tihonov@email.com', '+7-911-555-6677', 'ACTIVE', 'website', '00000000-0000-0000-0000-000000000004', 1, 4800.00),
('10000000-0000-0000-0000-000000000016', 'Людмила', 'Федотова', 'fedotova@email.com', '+7-911-666-7788', 'NEW', 'social', '00000000-0000-0000-0000-000000000002', 0, 0.00),
('10000000-0000-0000-0000-000000000017', 'Николай', 'Комаров', 'komarov@email.com', '+7-911-777-8899', 'ACTIVE', 'instagram', '00000000-0000-0000-0000-000000000003', 2, 11200.00),
('10000000-0000-0000-0000-000000000018', 'Марина', 'Орлова', 'orlova@email.com', '+7-911-888-9900', 'INACTIVE', 'referral', '00000000-0000-0000-0000-000000000004', 1, 3100.00),
('10000000-0000-0000-0000-000000000019', 'Алексей', 'Киселёв', 'kiselev@email.com', '+7-911-999-0011', 'VIP', 'website', '00000000-0000-0000-0000-000000000002', 7, 42000.00),
('10000000-0000-0000-0000-000000000020', 'Светлана', 'Макарова', 'makarova@email.com', '+7-911-000-1122', 'ACTIVE', 'social', '00000000-0000-0000-0000-000000000003', 3, 14500.00);

-- Sample leads
INSERT INTO leads (id, client_id, title, stage, source, destination, travel_dates_from, travel_dates_to, pax_adults, pax_children, budget_min, budget_max, assigned_manager_id, probability) VALUES
('20000000-0000-0000-0000-000000000001', '10000000-0000-0000-0000-000000000004', 'Тур в Турцию, июль, 2 взрослых', 'NEW', 'instagram', 'Турция, Анталья', '2024-07-10', '2024-07-20', 2, 0, 2000.00, 3500.00, '00000000-0000-0000-0000-000000000003', 30),
('20000000-0000-0000-0000-000000000002', '10000000-0000-0000-0000-000000000007', 'Семейный тур в Египет', 'CONTACTED', 'website', 'Египет, Хургада', '2024-08-01', '2024-08-14', 2, 2, 4000.00, 6000.00, '00000000-0000-0000-0000-000000000002', 50),
('20000000-0000-0000-0000-000000000003', '10000000-0000-0000-0000-000000000012', 'Медовый месяц на Мальдивах', 'PROPOSAL_SENT', 'referral', 'Мальдивы', '2024-09-15', '2024-09-25', 2, 0, 8000.00, 15000.00, '00000000-0000-0000-0000-000000000004', 65),
('20000000-0000-0000-0000-000000000004', '10000000-0000-0000-0000-000000000016', 'Тур в Дубай, бизнес-класс', 'NEGOTIATION', 'instagram', 'ОАЭ, Дубай', '2024-10-01', '2024-10-08', 2, 0, 5000.00, 8000.00, '00000000-0000-0000-0000-000000000002', 75),
('20000000-0000-0000-0000-000000000005', '10000000-0000-0000-0000-000000000002', 'Экскурсионный тур Европа', 'WON', 'website', 'Франция, Испания, Италия', '2024-06-05', '2024-06-18', 2, 1, 6000.00, 9000.00, '00000000-0000-0000-0000-000000000002', 100),
('20000000-0000-0000-0000-000000000006', '10000000-0000-0000-0000-000000000008', 'Горнолыжный тур в Австрию', 'LOST', 'social', 'Австрия, Зальцбург', '2024-12-20', '2024-12-28', 2, 1, 4500.00, 7000.00, '00000000-0000-0000-0000-000000000003', 0),
('20000000-0000-0000-0000-000000000007', '10000000-0000-0000-0000-000000000011', 'Тур в Таиланд, ноябрь', 'CONTACTED', 'referral', 'Таиланд, Пхукет', '2024-11-10', '2024-11-20', 2, 0, 3000.00, 5000.00, '00000000-0000-0000-0000-000000000003', 45),
('20000000-0000-0000-0000-000000000008', '10000000-0000-0000-0000-000000000013', 'Круиз Средиземноморье', 'NEW', 'website', 'Средиземноморье', '2024-09-01', '2024-09-14', 2, 0, 7000.00, 12000.00, '00000000-0000-0000-0000-000000000002', 25),
('20000000-0000-0000-0000-000000000009', '10000000-0000-0000-0000-000000000015', 'Тур в Грецию, острова', 'PROPOSAL_SENT', 'instagram', 'Греция, Санторини', '2024-08-20', '2024-08-30', 2, 2, 5000.00, 8000.00, '00000000-0000-0000-0000-000000000004', 60),
('20000000-0000-0000-0000-000000000010', '10000000-0000-0000-0000-000000000017', 'Деловая поездка в Японию', 'NEGOTIATION', 'website', 'Япония, Токио', '2024-07-25', '2024-08-02', 1, 0, 4000.00, 7000.00, '00000000-0000-0000-0000-000000000003', 70),
('20000000-0000-0000-0000-000000000011', '10000000-0000-0000-0000-000000000019', 'Тур в Бали, релакс', 'WON', 'referral', 'Индонезия, Бали', '2024-10-15', '2024-10-29', 2, 0, 6000.00, 10000.00, '00000000-0000-0000-0000-000000000002', 100),
('20000000-0000-0000-0000-000000000012', '10000000-0000-0000-0000-000000000020', 'Рождество в Праге', 'CONTACTED', 'social', 'Чехия, Прага', '2024-12-23', '2024-12-28', 2, 2, 3500.00, 5500.00, '00000000-0000-0000-0000-000000000003', 40),
('20000000-0000-0000-0000-000000000013', '10000000-0000-0000-0000-000000000001', 'VIP тур в Швейцарию', 'PROPOSAL_SENT', 'referral', 'Швейцария, Женева', '2024-11-01', '2024-11-10', 2, 0, 10000.00, 18000.00, '00000000-0000-0000-0000-000000000002', 70),
('20000000-0000-0000-0000-000000000014', '10000000-0000-0000-0000-000000000006', 'Тур в Марокко', 'NEW', 'instagram', 'Марокко, Марракеш', '2024-10-10', '2024-10-17', 2, 1, 3000.00, 5000.00, '00000000-0000-0000-0000-000000000004', 20),
('20000000-0000-0000-0000-000000000015', '10000000-0000-0000-0000-000000000014', 'Luxury тур Мальдивы + Дубай', 'NEGOTIATION', 'referral', 'Мальдивы + ОАЭ', '2024-12-01', '2024-12-15', 2, 0, 20000.00, 35000.00, '00000000-0000-0000-0000-000000000003', 80);

-- Sample bookings
INSERT INTO bookings (id, booking_number, client_id, lead_id, assigned_manager_id, status, type, destination, country, departure_city, departure_date, return_date, pax_adults, pax_children, hotel_name, hotel_stars, meal_plan, tour_operator, total_price, cost_price, currency, supplier_payment_deadline, supplier_paid) VALUES
('30000000-0000-0000-0000-000000000001', 'TRV-2024-0001', '10000000-0000-0000-0000-000000000001', '20000000-0000-0000-0000-000000000013', '00000000-0000-0000-0000-000000000002', 'CONFIRMED', 'TOUR', 'Турция, Анталья', 'Турция', 'Москва', '2024-07-15', '2024-07-25', 2, 0, 'Limak Arcadia Resort', 5, 'AI', 'TUI', 4500.00, 3200.00, 'USD', '2024-07-01', false),
('30000000-0000-0000-0000-000000000002', 'TRV-2024-0002', '10000000-0000-0000-0000-000000000005', null, '00000000-0000-0000-0000-000000000004', 'PAID', 'TOUR', 'Египет, Хургада', 'Египет', 'Москва', '2024-08-10', '2024-08-24', 2, 1, 'Steigenberger Aqua Magic', 5, 'AI', 'Coral Travel', 6800.00, 5100.00, 'USD', '2024-07-25', true),
('30000000-0000-0000-0000-000000000003', 'TRV-2024-0003', '10000000-0000-0000-0000-000000000010', null, '00000000-0000-0000-0000-000000000002', 'COMPLETED', 'HOTEL', 'ОАЭ, Дубай', 'ОАЭ', 'Москва', '2024-05-20', '2024-05-27', 2, 0, 'Burj Al Arab', 7, 'BB', 'Pegasus', 12000.00, 9500.00, 'USD', '2024-05-10', true),
('30000000-0000-0000-0000-000000000004', 'TRV-2024-0004', '10000000-0000-0000-0000-000000000014', null, '00000000-0000-0000-0000-000000000003', 'IN_PROGRESS', 'TOUR', 'Греция, Крит', 'Греция', 'Санкт-Петербург', '2024-06-28', '2024-07-08', 2, 2, 'Aquila Rithymna Beach', 5, 'HB', 'Anex Tour', 8200.00, 6100.00, 'USD', '2024-06-15', true),
('30000000-0000-0000-0000-000000000005', 'TRV-2024-0005', '10000000-0000-0000-0000-000000000019', '20000000-0000-0000-0000-000000000011', '00000000-0000-0000-0000-000000000002', 'CONFIRMED', 'TOUR', 'Индонезия, Бали', 'Индонезия', 'Москва', '2024-10-15', '2024-10-29', 2, 0, 'COMO Uma Ubud', 5, 'BB', 'Custom', 9800.00, 7200.00, 'USD', '2024-10-01', false),
('30000000-0000-0000-0000-000000000006', 'TRV-2024-0006', '10000000-0000-0000-0000-000000000002', '20000000-0000-0000-0000-000000000005', '00000000-0000-0000-0000-000000000002', 'PAID', 'TOUR', 'Франция-Испания-Италия', 'Европа', 'Москва', '2024-06-05', '2024-06-18', 2, 1, 'Various Hotels', 4, 'BB', 'Custom', 8500.00, 6200.00, 'USD', '2024-05-25', true),
('30000000-0000-0000-0000-000000000007', 'TRV-2024-0007', '10000000-0000-0000-0000-000000000003', null, '00000000-0000-0000-0000-000000000003', 'PENDING', 'FLIGHT', 'Таиланд, Бангкок', 'Таиланд', 'Москва', '2024-09-01', '2024-09-15', 1, 0, null, null, null, null, 1800.00, 1400.00, 'USD', '2024-08-20', false),
('30000000-0000-0000-0000-000000000008', 'TRV-2024-0008', '10000000-0000-0000-0000-000000000006', null, '00000000-0000-0000-0000-000000000004', 'CONFIRMED', 'TOUR', 'Марокко, Марракеш', 'Марокко', 'Москва', '2024-10-10', '2024-10-17', 2, 1, 'La Mamounia', 5, 'BB', 'Custom', 5400.00, 4000.00, 'USD', '2024-09-25', false),
('30000000-0000-0000-0000-000000000009', 'TRV-2024-0009', '10000000-0000-0000-0000-000000000017', null, '00000000-0000-0000-0000-000000000003', 'CANCELLED', 'TOUR', 'Австрия, Зальцбург', 'Австрия', 'Москва', '2024-12-20', '2024-12-28', 2, 1, 'Sacher Hotel', 5, 'BB', 'Tez Tour', 7200.00, 5500.00, 'USD', '2024-12-05', false),
('30000000-0000-0000-0000-000000000010', 'TRV-2024-0010', '10000000-0000-0000-0000-000000000020', null, '00000000-0000-0000-0000-000000000003', 'PENDING', 'TOUR', 'Чехия, Прага', 'Чехия', 'Москва', '2024-12-23', '2024-12-28', 2, 2, 'Hotel Paris Prague', 4, 'BB', 'Custom', 4200.00, 3100.00, 'USD', '2024-12-10', false);

-- Sample payments
INSERT INTO payments (booking_id, client_id, amount, currency, type, direction, method, status, paid_at, created_by) VALUES
('30000000-0000-0000-0000-000000000001', '10000000-0000-0000-0000-000000000001', 1500.00, 'USD', 'DEPOSIT', 'INCOMING', 'CARD', 'COMPLETED', NOW() - INTERVAL '10 days', '00000000-0000-0000-0000-000000000002'),
('30000000-0000-0000-0000-000000000002', '10000000-0000-0000-0000-000000000005', 6800.00, 'USD', 'FULL_PAYMENT', 'INCOMING', 'BANK_TRANSFER', 'COMPLETED', NOW() - INTERVAL '20 days', '00000000-0000-0000-0000-000000000004'),
('30000000-0000-0000-0000-000000000003', '10000000-0000-0000-0000-000000000010', 12000.00, 'USD', 'FULL_PAYMENT', 'INCOMING', 'CARD', 'COMPLETED', NOW() - INTERVAL '60 days', '00000000-0000-0000-0000-000000000002'),
('30000000-0000-0000-0000-000000000004', '10000000-0000-0000-0000-000000000014', 4000.00, 'USD', 'DEPOSIT', 'INCOMING', 'CASH', 'COMPLETED', NOW() - INTERVAL '30 days', '00000000-0000-0000-0000-000000000003'),
('30000000-0000-0000-0000-000000000004', '10000000-0000-0000-0000-000000000014', 4200.00, 'USD', 'PARTIAL', 'INCOMING', 'CARD', 'COMPLETED', NOW() - INTERVAL '15 days', '00000000-0000-0000-0000-000000000003'),
('30000000-0000-0000-0000-000000000005', '10000000-0000-0000-0000-000000000019', 5000.00, 'USD', 'DEPOSIT', 'INCOMING', 'BANK_TRANSFER', 'COMPLETED', NOW() - INTERVAL '5 days', '00000000-0000-0000-0000-000000000002'),
('30000000-0000-0000-0000-000000000006', '10000000-0000-0000-0000-000000000002', 8500.00, 'USD', 'FULL_PAYMENT', 'INCOMING', 'ONLINE', 'COMPLETED', NOW() - INTERVAL '25 days', '00000000-0000-0000-0000-000000000002');

-- Sample tasks
INSERT INTO tasks (title, description, status, priority, assigned_to, created_by, related_booking_id, related_client_id, due_date) VALUES
('Позвонить клиенту за 7 дней до вылета', 'Уточнить детали поездки, напомнить о документах', 'TODO', 'HIGH', '00000000-0000-0000-0000-000000000002', '00000000-0000-0000-0000-000000000002', '30000000-0000-0000-0000-000000000001', '10000000-0000-0000-0000-000000000001', NOW() + INTERVAL '7 days'),
('Отправить ваучер клиенту', 'Выслать подтверждение бронирования на email', 'TODO', 'URGENT', '00000000-0000-0000-0000-000000000002', '00000000-0000-0000-0000-000000000002', '30000000-0000-0000-0000-000000000005', '10000000-0000-0000-0000-000000000019', NOW() + INTERVAL '2 days'),
('Проверить оплату поставщику', 'Убедиться что платёж прошёл', 'IN_PROGRESS', 'HIGH', '00000000-0000-0000-0000-000000000003', '00000000-0000-0000-0000-000000000001', '30000000-0000-0000-0000-000000000007', '10000000-0000-0000-0000-000000000003', NOW() + INTERVAL '1 day'),
('Оформить страховку', 'Оформить медицинскую страховку для семьи', 'TODO', 'MEDIUM', '00000000-0000-0000-0000-000000000004', '00000000-0000-0000-0000-000000000004', '30000000-0000-0000-0000-000000000008', '10000000-0000-0000-0000-000000000006', NOW() + INTERVAL '5 days'),
('Перезвонить по лиду', 'Клиент заинтересован в туре на Мальдивы, обсудить детали', 'TODO', 'MEDIUM', '00000000-0000-0000-0000-000000000003', '00000000-0000-0000-0000-000000000003', null, '10000000-0000-0000-0000-000000000012', NOW() + INTERVAL '3 days'),
('Подготовить КП для VIP клиента', 'Составить индивидуальное предложение по туру в Швейцарию', 'IN_PROGRESS', 'HIGH', '00000000-0000-0000-0000-000000000002', '00000000-0000-0000-0000-000000000002', null, '10000000-0000-0000-0000-000000000001', NOW() + INTERVAL '4 days'),
('Получить копии документов', 'Паспорта и документы детей для визы', 'TODO', 'LOW', '00000000-0000-0000-0000-000000000004', '00000000-0000-0000-0000-000000000004', '30000000-0000-0000-0000-000000000010', '10000000-0000-0000-0000-000000000020', NOW() + INTERVAL '10 days'),
('Встреча с клиентом', 'Офисная встреча для подписания договора', 'DONE', 'HIGH', '00000000-0000-0000-0000-000000000003', '00000000-0000-0000-0000-000000000003', '30000000-0000-0000-0000-000000000004', '10000000-0000-0000-0000-000000000014', NOW() - INTERVAL '2 days');
